{"exact": 78.75852775204245, "f1": 81.3786550477157, "total": 11873, "HasAns_exact": 74.89878542510121, "HasAns_f1": 80.146553876776, "HasAns_total": 5928, "NoAns_exact": 82.60723296888142, "NoAns_f1": 82.60723296888142, "NoAns_total": 5945, "best_exact": 78.80064010780762, "best_exact_thresh": 0.7986318022012711, "best_f1": 81.46484977047996, "best_f1_thresh": 0.8249981105327606, "pr_exact_ap": 68.38289018410978, "pr_f1_ap": 75.96575700913677, "pr_oracle_ap": 85.97572482524812}