{"exact": 85.51334961677756, "f1": 88.5993984533642, "total": 11873, "HasAns_exact": 79.08232118758434, "HasAns_f1": 85.26326886585598, "HasAns_total": 5928, "NoAns_exact": 91.9259882253995, "NoAns_f1": 91.9259882253995, "NoAns_total": 5945, "best_exact": 85.57230691484882, "best_exact_thresh": 0.8290077298879623, "best_f1": 88.74948883129092, "best_f1_thresh": 0.8952779471874237, "pr_exact_ap": 73.2003545658731, "pr_f1_ap": 81.85647897076397, "pr_oracle_ap": 94.2538131332646}