{"exact": 75.54956624273562, "f1": 77.80974087331359, "total": 11873, "HasAns_exact": 71.06950067476383, "HasAns_f1": 75.59633154332866, "HasAns_total": 5928, "NoAns_exact": 80.01682085786375, "NoAns_f1": 80.01682085786375, "NoAns_total": 5945, "best_exact": 75.60852354080687, "best_exact_thresh": 0.8058148920536041, "best_f1": 77.97827654817006, "best_f1_thresh": 0.838611513376236, "pr_exact_ap": 66.99197059607405, "pr_f1_ap": 74.57978233941158, "pr_oracle_ap": 84.29855850044665}