{"exact": 78.88486481933799, "f1": 81.51165400045258, "total": 11873, "HasAns_exact": 74.83130904183535, "HasAns_f1": 80.09242036899019, "HasAns_total": 5928, "NoAns_exact": 82.92682926829268, "NoAns_f1": 82.92682926829268, "NoAns_total": 5945, "best_exact": 78.90170976164407, "best_exact_thresh": 0.8112510144710541, "best_f1": 81.67347042348366, "best_f1_thresh": 0.873107448220253, "pr_exact_ap": 69.20792341449045, "pr_f1_ap": 76.95392000047696, "pr_oracle_ap": 87.31934109056337}